userid,email,master_pass,username
1,andymuray,1234,andy
2,izumikamasaki@gmail.com,1234,izumi
3,izumi@gmail.com,12345,hung
39,james@gmail.com,jamescurry,mynameisjames
100,eddie.r@gmail.com,E1323232,eddiemeeddie
1338,test@gmail.com,testpassword123,user_test
1339,linh.nguyen@gmail.com,LinhPham12803,Linh
1340,olivia.johnson1987@gmail.com,84oDm=MDgr,"Olivia Johnson"
1341,luke.murphy1988@gmail.com,luke1988,"Luke Murphy"
1342,oliver.wilson1987@gmail.com,wilson19871239,"Oliver Wilson"
1343,emily.adams1992@gmail.com,SmileEveryDay!,"Emily Adams"
1344,sophia.martinez1993@gmail.com,martinez19936789,"Sophia Martinez"
1345,abigail.hall1993@gmail.com,SunnyDaysForever,"Abigail Hall"
1346,wyatt.reed1992@gmail.com,nP8#Tj4!Xb2Zm6k,"Wyatt Reed"
1347,david.turner1988@gmail.com,tY8$LmN3@qW9zP4r,"David Turner"
1348,grace.nelson1987@gmail.com,cheeseburger,"Grace Nelson"
1349,harper.lewis1991@gmail.com,youcantguessmypass,"Harper Lewis"
1350,lucas.thomas1990@gmail.com,thomas19902109,"Lucas Thomas"
1351,ella.young1994@gmail.com,DreamBig1987,"Ella Young"
1352,madison.scott1986@gmail.com,SunsetLover_86,"Madison Scott"
1353,thisisnottravis@gmail.com,cattosjeck,travisscottcattosjeck
1354,matty.bakes88@gmail.com,KeepGoing2010,"Matthew Baker"
1355,tori.mitch.adventures@gmail.com,AdventureAwaits1,"Victoria Mitchell"
1356,thomas.wat@gmail.com,usedtoshopatald,KanyeWest
1357,bakesomecake@gmail.com,LifeIsBeautiful,Baker
1358,finch.found.secret@gmail.com,FindTheKey42!,"Harold Finch"
1359,dante.voyager@gmail.com,V0yage2023!,"Dante Vega"
1360,freya.nolan.nova@gmail.co,Supernova#,"Freya Nolan"
1361,freya.hus.nolan@gmail.co,Supernova#2,"Chris Nolan"
1362,ez.urban.explorer@gmail.com,playedforarsenal,"Ezekiel Rice"
